track_name,artists,album,release_date,popularity,duration_ms,explicit,id,type,track_number
Swagon - Ralf Remix,"Detlef, Ossey James, Ralf",Swagon (Remixes),2024-05-31,40,167244,False,5fd4i7Akq5IqqwxsodoPtX,track,1
Faz o Sinalzinho RMX,"Dani Masi, Santos Garcia, DJ Zigão, Mc Th, Mc Menor Thalis",Faz o Sinalzinho RMX,2024-03-21,17,169687,False,5xc0N7YvxcWP5WqBS6bAaO,track,1
PRETTY GIRLS - Vlado Remix,"Frenna, Vlado",PRETTY GIRLS REMIX PACK,2024-04-26,37,161132,False,2X3KDxiGCXlVI9JlWXjUBd,track,3
Buscando Money,"TWENTY SIX, Tayson Kryss",Buscando Money,2024-02-23,72,150000,False,6vsKOJPjdxlYgRs8McgtCQ,track,1
Format It - Ron Costa Remix,"Hollen, Gonzalez, Gonzalo (Spain), Ron Costa",Snatch033,2012-10-22,24,344616,False,5bt2nTSpGFD8SKZcapIuvW,track,2
Como Las Flores - Original Mix,"Dani Masi, Groove Street",Como Las Flores,2022-12-20,30,188571,False,0ZBAX45cs9g5nOhLWLcUFd,track,1
Everybody's Got to Learn Sometime,Martin Ikin,Everybody's Got to Learn Sometime,2024-09-27,50,193846,False,50ixUxOy4WLhdcUITYOyXo,track,1
Takoflow,"Freenzy Music, Mosby, Ric Waves, Jhonny Weezy",Takoflow,2023-05-05,36,342325,False,4lFpu6vEkD4SXvSV2m3SBU,track,1
Devoted (feat. Byron Stingily),"Martin Ikin, Byron Stingily",Devoted (feat. Byron Stingily),2021-12-03,50,203149,False,34A4aZQ0NlBTXlcNP0oIg9,track,1
Mexe Mexe (feat. Mc Gw),"Gordo, Malifoo, Mc Gw",NO HAY VERANO SIN GORDO,2024-12-13,43,216000,True,2fQpm5e11TFDxVWZFufRYd,track,3
Afters,Damelo,Afters,2023-05-26,21,219692,False,1N3YbdM8HfuaTQ1nIhLqic,track,1
Oscill8,Martin Ikin,Oscill8,2023-03-03,37,204374,False,31Z3AuRnaj2ZLgZCWTqbLK,track,1
La Zarzamora - Dub Radio Mix,"Dani Masi, Santos Garcia",La Zarzamora,2022-05-27,12,148124,False,4ivJtKbQe84xDhPZShPk4I,track,1
Tocate,"Javi Colina, Santos Garcia",Teke Teke,2024-02-16,6,165000,False,44brhebd4FUuu68YbV3X89,track,2
GALLINAZO,"Javi Colina, Groove Street",GALLINAZO,2024-05-10,23,338500,False,6wWD547h8j5BtPisIKaLMe,track,1
Aguardiente,"Dario Nunez, Javi Colina",Aguardiente,2019-03-25,24,241972,False,6B1ywsmyW6H9UzHAhRIdSi,track,1
Morumbi - Original Mix,"Dani Masi, Santos Garcia",Morumbi,2020-10-02,1,329032,False,1rWMwFvEqAEXrCpRtEj3cK,track,1
PAPU PAPU - Original Mix,Javi Colina,PAPU PAPU (Original Mix),2024-10-04,1,356000,False,7tul0ZS36WFYjVDVtRYowQ,track,1
Locolina,Javi Colina,Locolina,2024-03-04,1,304761,False,1u5a4Fo5834fbkYGvw0rgE,track,1
Leki Leki,"Dani Masi, Andrea Satta, Juan Galvis",Leki Leki,2024-06-14,8,129373,False,3KEBpXsNAWGg4K71P8vhch,track,1
Rumbah,"Space Fear, Andrea Satta",Rumbah,2024-05-24,18,180937,False,7MzvPhQrRv8rz3Ey6tFtTU,track,1
Encosta Encosta,"Lowderz, The Pups, Mc Mascara",Encosta Encosta,2022-10-21,35,152133,False,010WFdqtiMI2JvKRvZcBhx,track,1
Kelle - Extended Mix,Andrea Satta,Kelle,2024-03-29,2,264566,False,2BgMABNg8OtukO4iAJWkFc,track,1
Mulher De Bandido,Low Disco,Mulher De Bandido,2022-09-30,33,202204,True,7pdJfaNr40mhNOWJ1jyGFd,track,1
House de Quebrada,Low Disco,House de Quebrada,2023-07-14,24,166299,True,0oH3T6kQiV9m5i0ZFSkb7E,track,2
Wataqui,"Gian Varela, Martina Camargo",Wataqui,2023-07-07,38,154285,False,5FdQkUVpFicMpUv6OLy3wh,track,1
Botadão,"Ishimaru, Lemex, Kovisk Music, Vazz",Botadão,2022-12-02,37,202559,False,2XoRL5A21hAQ11X7nAttgR,track,1
Desande,"Gabzy, Carlos Colleen",Desande,2021-12-10,27,222883,False,0Vch9aVnZkKXOYQfrvfFx3,track,1
Devagarinho,Orange Pulse,Devagarinho,2022-07-08,19,142741,False,5vZZKbW9UxegxBN9gOW8av,track,1
Chaca Ron,Harvy Valencia,Chaca Ron,2020-01-03,22,272613,False,63bz2MNXBfsjKDr06MZ4T5,track,1
Shortinho Azul,"Whighle, Azafe",Shortinho Azul,2022-07-08,21,137007,False,6j2yDRtaqe8X2AKQk7q935,track,1
Trinta E Oito,GIU,Trinta E Oito,2023-10-06,47,169767,True,0XfFWpqn2Xh30NlEZrYuuu,track,1
Macetadinha,"Whighle, Sam Shelby, Mc Th",Chá Revelação,2022-11-25,40,166919,False,5rUbDxxl91SF0KPo70IdrC,track,1
Só Percussão,Ishimaru,Só Percussão,2023-10-06,33,207874,False,7MZtcyVz6dg4bqnl0M2Q7h,track,1
Te Arrebenta - Radio Mix,"Whighle, Sam Shelby, Mc Gw",Brazilian Tech Funk,2023-05-19,29,150000,False,4PVufhZy3Qi5nYowAcEPEF,track,2
Popotão,"DANNE, Shuffle Noise",Popotão,2019-05-10,28,172380,True,1cd1GsnJAO9G566mfux2oj,track,1
La Marina,"Umberto Pagliaroli, Marc Ross",La Marina,2024-02-23,12,179080,False,07MLWlUJ2B3PBEcAYZJ9dL,track,1
Bien Slow - Radio Edit,"PARTIDA, Space Fear",Bien Slow (Radio Edit),2024-03-08,16,184389,False,0qce5WTjIgPV8jcBNeAcVh,track,1
Utopia,"Dani Masi, Koby Gray",Highlights 2024,2024-12-27,2,185625,False,5wav7aO6HrRJrYlGtUkOjY,track,24
Nothing Gonna Hold Me Back,"Ysfk, Etwas (IT)",Nothing Gonna Hold Me Back,2023-10-20,5,430866,False,3WwiMFASjqaAymQPoT6WkH,track,1
Left To Right,"Fernando Acero, Groove Street",Left To Right,2022-12-05,2,192600,False,0J43dL0tHkVvfKGYNe6mE9,track,1
Baby again..,"Fred again.., Skrillex, Four Tet",Baby again..,2023-03-17,62,319963,False,4zlbKky2yA657Sk5rekZoR,track,1
Ponme Loco,"Laidback Luke, Gian Varela, Melfi",Ponme Loco,2022-07-22,24,139285,False,2rfRfWa17fj9cYM257xFFq,track,1
Wild & Free,Jay de Lys,Wild & Free,2023-02-24,42,151874,False,0d0Msh4UjiY4EbANRft2Yd,track,1
Other Side,Azzecca,Other Side,2022-10-28,57,244337,False,6gLDnzjpM0AwOeh9NmmHE0,track,1
Breakup Cigarettes,nocapz.,Breakup Cigarettes,2024-03-01,24,213764,False,7msBbh5WOdIEpTkbJ1amW3,track,1
Sarra,Lowderz,Sarra,2024-03-22,26,153692,False,1BEF7MjUHJPUDzS64Btidd,track,1
La Tambora - Dani Masi VIP Mix,Dani Masi,La Tambora (Dani Masi VIP Mix),2023-02-14,32,177142,False,7hgN4SLvVs3M1LPZFhsGWk,track,1
Voodoo - Mixed,More Than Friends,"House, Techno, Love 001 (DJ Mix)",2023-09-15,1,105413,False,5elMCTqA8wVyXij4aJSTYe,track,7
Soft Solstice - Mixed,Beth Lydi,"House, Techno, Love 001 (DJ Mix)",2023-09-15,1,210819,False,0vqUNH1diwA9n5FGGL17ZU,track,4
Desacatao,"Javi Torres, Andrea Satta, Blade Urbano",Desacatao,2024-11-06,16,185859,False,5JLaPZ0lBKTj9FlV7wtskN,track,1
Tomale,Freenzy Music,Takoflow,2023-05-05,28,390000,False,0uYUyVwKAAD6EPpgxnCr9D,track,2
No Time For Hulk - Camelphat Re-Fix - (Erik Hagleton 2018 Vocal Edit),"DJ Wady, Patrick M, CamelPhat","Elrow Vol. 3 (Mixed By Claptone, Tini Gessler & Eddy M)",2018-08-17,1,379354,False,18cpQwgUjCuoFOlubMcecA,track,45
Cha Cha Cha,"Guille Placencia, George Privatti",Cha Cha Cha,2019-08-30,27,241920,False,0KPGWtmifwHgXFYDFnokOu,track,1
Make It Bang - Biscits Remix,"Airwolf Paradise, Biscits",Make It Bang (Biscits Remix),2019-02-22,13,213000,False,2wxd9wCQmv5DWhqQrjRJ9s,track,1
Just A Groove,On Deck,Just A Groove,2019-09-13,21,341760,False,69J0YclraGWHmIf3Idgxlq,track,1
Me Sueno (feat. Martina Camargo) - Dani Masi Remix [Mixed],"Tom Staar, Martina Camargo, Dani Masi",God Save The Groove Vol. 1 (Presented by Kryder),2018-11-09,26,198100,False,5qiKrj287FYlz1wYBMD0W3,track,8
Dale,"Space Fear, Jøsh Ramz",Dale,2023-09-08,26,141732,False,54vdKNSYh2UAenrRynyuvz,track,1
I Wanna Take You,"Inda Jani, Ghezz",I Wanna Take You,2024-09-13,18,187089,False,7mqQKo51sesyKDB51fjr4E,track,1
Deakípallá,"Jesús Fernández, Javi Reina",Deakípallá,2023-08-11,18,205217,False,0USHJbZpjAymfViMMD2uWn,track,1
El Mujeriego,"Jesús Fernández, Javi Reina",El Mujeriego,2023-08-11,22,218932,True,0gBa2YjIEsj58nTgZ2Yir5,track,1
Ponte,"Jesús Fernández, Javi Reina",Ponte,2023-08-11,13,252473,False,2pNp5rGC2M3iZaQufritTn,track,1
Goza - Dub Mix,"Javi Reina, Jesús Fernández",Summer 2024,2024-08-29,12,381904,False,6QdBcv60SBR6NmFXve4Cgm,track,6
Volta,"Javi Reina, Oscar Madrid",Volta,2024-04-05,14,195635,False,3ciuRbvkrViRv3nnW724Cc,track,1
Right Now,"Javi Reina, Ivax",Right Now,2024-11-13,8,168750,False,2mwSf2u2qTohLcjPEH8tP2,track,1
Rumbah,"Jose De Mara, Javi Reina",Rumbah,2019-02-25,11,278399,False,4aecZ7zW2eGPrfgs96CAFI,track,1
STATE OF MIND - Radio Mix,"Angel Heredia, Javi Reina, Raul Ortiz",STATE OF MIND (Radio Mix),2023-02-18,7,199370,False,53j9KBWwqRFbFPaNUSOIaB,track,1
Bandida - Radio Mix,"Javi Reina, Jesús Fernández",Bandida (Radio Mix),2023-10-27,22,180000,False,1nNVx4vzckw8Fz2RQtHoYj,track,1
Pa Lante,"HUGEL, Ryan Arnold, El Chuape",Pa Lante,2023-02-17,52,130123,False,2eIQvkQiHXSfX0GSRw29gA,track,1
Dimini,"HÄWK, Twolate",Dimini,2023-02-17,32,142447,False,3UwlHoQ1pEHHds28BJ2bvb,track,1
Mi Corazon - Original Mix,"Javi Reina, Mathias D.",Mi Corazon,2020-09-04,2,327096,False,5GGJ2mG1jIE9szRoeRsAcB,track,1
Caribbean - Original Mix,De La Trinidad,Latin Bangers,2023-05-29,0,239533,False,1kihdhK07p9K2mGMTcceh1,track,27
Family Affair - HÄWK & BEYGE Remix,"Disco Fries, BEYGE, HÄWK",Family Affair (HÄWK & BEYGE Remix),2022-02-18,47,154891,False,3X1qgXnTY7c0q3KnCwCVKZ,track,1
You´re so Fine - Radio Mix,Chelina Manuhutu,You're so Fine,2022-04-01,28,184761,False,04hvcyZHZn9OhiXNI9NFve,track,1
EAT THE BASS,John Summit,EAT THE BASS,2024-04-10,2,202500,False,1ViErUfDfWkXPXTsjj3kyh,track,1
Freak,"San Pacho, No Thanks",Freak,2023-07-21,40,187500,False,6LDoJdEJW4NTOTOLTH71IL,track,1
Lo Que Soy,"Wax Motif, Kura",Lo Que Soy,2023-07-07,49,170953,False,3d4lGcDN1FISRTBeBeGRoJ,track,1
Saiooh,Piero Scratch,Halloween 2019,2019-10-25,0,337956,False,1prj9bfxGlcFOwshq5sW0w,track,8
Valkiria - Extended Mix,Angel Heredia,SOY EL JEFE EP,2024-08-15,16,363750,False,07R4AtvCDrMOx5MR8AVk91,track,3
PAPI,"Andruss, Sam Collins",PAPI,2024-06-14,51,155100,False,4CGGFdzBK2fp8QN9GxWwia,track,1
Boom Shakalaka,"Moksi, Emy Perez, Digitzz",The Return of House Music,2019-08-02,50,178320,True,5ijp0ctfwwkmkR6hWDQnwn,track,8
Is Party,Angel Heredia,Rolling to the Top,2021-06-11,9,379842,False,42sQSsMLPuEGuPr2IQFYBx,track,3
Another Night,Ammo Avenue,Another Night,2019-10-11,8,370710,False,5RgMMovA6x7bhJbecpcaIU,track,1
Ella Vacila,Kofla,Miami 2021,2021-03-15,22,387293,False,2RpeVgPnplkZ3OhbdWWDeR,track,2
Funky People,Dropboxx,Barcelona 2020,2020-06-22,0,372267,False,0M23VN8yZ3YnAWts4uUECo,track,20
Corosito,"Tom & Collins, Cumbiafrica",Corosito,2020-06-19,0,217503,False,2y6NmzZefoiiKoG2vFMTDi,track,1
Te Quiero,"Pirate Snake, Dakar",Te Quiero,2022-06-10,0,174374,False,2ZWGUfEoaQLXf0Li8SQJtL,track,1
What a Bam,"Guille Placencia, George Privatti",What a Bam,2018-01-19,0,411393,False,6ItDixjARuvwFhGnjXvT7o,track,1
Powder Boy - DJ Fronter Remix,"Lex & Wood, Dj Fronter",Buzzed,2018-11-09,1,368647,False,5UNhu85cFsx6xt2zpWmbqQ,track,4
Ese sonidito,Jdr,Ese sonidito,2023-07-06,53,215238,False,0Xd7CMyvsN0spWDB2zbdwv,track,1
Straight Up - Mixed,Audiojack,"House, Techno, Love 001 (DJ Mix)",2023-09-15,4,255995,False,1dh7TfPRHav2ln66GdP0O2,track,2
Por Ejemplo,"Wade, Dani Rovira",Por Ejemplo,2019-08-26,0,328401,False,5v5Kmta6BwRgPtTk4eUolK,track,1
Otra Vez,Sllash & Doppe,Otra Vez,2025-02-07,29,139024,False,2hUw1FG1eA6AFi9uszJzZQ,track,1
No Hablo Español,Riordan,No Hablo Español,2022-02-18,0,157242,False,3Gy7fXkQBhOfjCxC4XlFaT,track,1
Don't You Want Me,"Cedric Gervais, Felix",Don't You Want Me,2023-01-20,26,226451,False,6vk25f0K6avR1fbH2PXPEm,track,1
Infatuate,KEFFI,Infatuate EP,2022-09-09,23,200952,False,7KBYEBVAITTm6Jv3nrdY3T,track,1
Tequila,"San Pacho, Maahez",Tequila,2022-09-30,48,210000,False,7ICg4Hz9LuayHPuTfuSIsg,track,1
Fayall,Alix Alvarez,"Moxa, Vol. 1 - Follow the X",2011-04-04,21,461453,False,582kon7RIymrBnQKHnBmio,track,6
Sweat !,SHAGY,Ravers,2024-12-20,31,308031,False,3U7ApgW24LKnK8g91ySYQm,track,1
Venezuela,"Tom Budin, Rave Radio",Venezuela,2021-01-08,52,156272,False,0ZnMzSoVfqDRzXgagCOlKZ,track,1
Step To,Matt Sassari,Step To,2022-09-23,0,222720,False,0HsQvGaux6t1XMptT4XrhU,track,1
Bongoloco,Bruno Furlan,Bongoloco,2023-01-20,0,206250,False,20MM2VpIUqc7FHJ0a8PX3a,track,1
Uh La La,"VOLAC, Trace, Mila Falls",Uh La La,2022-07-22,45,153333,False,4DDecAu1H20FSiYxgoKHoH,track,1
Loca,"Lowderz, Viana",Loca,2024-06-07,14,310153,False,41Q4guYLxpC1p34hEXaXsn,track,1
Finesse,"DOUG!, Glassick",Finesse,2024-02-23,10,166153,False,6WqOnqpH9lJo1vpZwtW2tb,track,1
Crime City,DJ Windows 7,Crime City,2024-10-11,34,135918,False,5BQsnxrpYnh9gfv0XgyMIq,track,1
Love Me,Seeing Double,Love Me,2025-03-14,46,183540,False,3BQE1nt1R2pSHLZCRjGfux,track,1
Watch Me,Seeing Double,Watch Me,2025-01-31,28,182456,False,2nhGe9xLmtl194CPiyhX0N,track,1
Kickin,Seeing Double,Kickin,2024-06-14,18,236254,False,3eOvuzq1P0Sn4HNZI8vw21,track,1
Never Mind,Piero Scratch,Nevermind EP,2024-10-04,16,263816,False,1DXho9cX4P8GMU6stdzV6i,track,1
House Music Till'Death,DJ Windows 7,House Music Till`Death,2021-02-15,54,263225,False,0nUPfDwAsVYXolvFR3kNaz,track,1
Smoking,"DJ Windows 7, Julzy",Smoking,2025-02-14,45,261428,False,762q5me2MtJgILX43emrrt,track,1
"Please, Take Note - DJ Windows 7 Rework ft. Julzy","Bauhouse, DJ Windows 7","Please, Take Note (DJ Windows 7 Rework ft. Julzy)",2025-03-13,39,227812,False,48R1UgP7DxeN23cMLbkwHQ,track,1
Give It to Me,"Dani Masi, Johnny I.",Give It to Me,2025-03-21,19,158000,False,6YHlJIKS8cN8dS4LFyqC9o,track,1
Got to Be Free,"Dani Masi, Lobo Miro",Got to Be Free,2025-03-28,22,156240,False,03nVIUrqlyT9l3vO4ioUaR,track,1
Get Me There,"Malóne, Tiffy Vera",Get Me There,2025-02-27,39,203839,False,3Vibd3EowNEXVCLbp1nMKT,track,1
Electrocution,Hollen,"Techno Tools, Vol. 2",2013-04-15,29,416317,False,45s4lo5HwJV9INR9RzTf60,track,3
Bitty - Original Mix,Hollen,Bitty EP,2014-05-05,27,439166,False,1a9Kq53bcvQdx52XNEWNvy,track,1
Revolt - Original Mix,"Uto Karem, Hollen",Revolt,2015-10-05,24,387355,False,6gouvqZpTHZDYHWieK7Dkp,track,1
Quick Combination,"Hollen, The YellowHeads",Quick Combination EP,2018-01-23,25,398709,False,0mpffrQdJgqfJHrygQogfO,track,1
Flopper,Hollen,"Techno Tools, Vol. 2",2013-04-15,23,382252,False,18FlFC7MfjOcEBxda6D5YE,track,1
Pin up Boy,Hollen,"Techno Tools, Vol. 2",2013-04-15,18,399726,False,3yuu4zktMk14gqJzXvwi4M,track,4
Kripton,"Hollen, Johnny Kaos","Techno Tools, Vol. 2",2013-04-15,6,413654,False,0XRQ9ffj8DICjx1nNuxU7c,track,2
Twisted,Ron Costa,Pisah,2021-01-08,24,211006,False,3JswWHneb9voLgd07u4daG,track,2
Scream,Daniel Orpi,Halloween 2019,2019-10-25,0,432975,False,5XvLDWqg7gYDTzTA5W3xty,track,3
Diamonds,Cele,Halloween 2019,2019-10-25,0,408403,False,34xDYTu8cYOYCGaQ4KvBYb,track,4
Gunshots,Giulio Cadri,Halloween 2019,2019-10-25,0,366120,False,074O2Qd4lwnlW3ERerhsyf,track,7
Take Mas,Sante Sansone,The Bridge,2020-04-17,1,360019,False,7CZEqQrEOB7wdWztCUChzb,track,2
Whats!,Moshem,Whats!,2020-08-07,1,378750,False,4n6qwRyrlw9hyoC9XzPRQH,track,1
No Meters,Moshem,Whats!,2020-08-07,1,390000,False,0oRY64XvTqUEVsT4rIPOSA,track,2
Bindi Bindi,Pablo Inzunza,Didi,2020-08-21,1,346666,False,5mhF0VHsOPs9ReZ6tMyuQV,track,2
Humming,Jaime Soeiro,Humming,2020-09-18,1,384000,False,0uhVRHyr2mQUFsUmNeD1uX,track,1
Electroboyz,Jaime Soeiro,Humming,2020-09-18,1,380952,False,7HwhlTbzkLDy5h86BjusWm,track,2
Hi Fake,Nando Marttinez,Carnival 2025,2025-02-21,5,360058,False,30nJCkyP0DHmxJNGiypCoT,track,8
Saltado,"Fran Ares, Arzenic",Saltado,2024-10-18,26,166875,False,3NBN0uG7bccKlbeES6Ppxm,track,1
Clap Your Hands,Angel Heredia,Jazzy Sax,2023-05-12,4,400000,False,1usujxfS3XXgVWWo3DInaq,track,2
Baque,BAPP,Summer 2024,2024-06-21,11,339692,False,6GcHfwdjjU0FLle2vMd9ed,track,7
Off the Wall,Rendher,Carnival 2019,2019-03-18,0,384761,False,4TiFfqQHI4OLsWQQtbMfsc,track,8
Sour Pear,Sanchez (UK),Halloween 2020,2020-10-23,4,353385,False,31eQrmOSpQMEy1VbKXOv7w,track,4
Lkt,"Jairo Delli, Kevin Corral",Lkt,2024-12-13,14,364724,False,6S1FLqOHI6ZHpCoNaSroMn,track,1
Rhythm,Mauro Venti,Rhythm,2020-11-06,1,365714,False,18vwM2UdKKiLw7BTRlF24j,track,1
Killing,Eddy M,Get Down Aha,2018-09-24,0,380952,False,3unxo2GyRhbiJk5un6SLzR,track,2
Talk,Warren Blake,Real Shit,2021-11-12,2,301874,False,7oqSbELZzRPZ43X6YEvuZs,track,2
Booom,Mirco Caruso,Booom,2018-10-08,0,443225,False,7xCb0370eKN2qA5tzin2pV,track,1
Tast & Touch,"Guille Placencia, George Privatti",Tast & Touch,2022-04-08,5,407055,False,3nfIuhazEjP5OFItQidTZK,track,1
Rocket,"Deeper Purpose, Intrusive, Davi Menezes",Rocket,2018-12-03,0,393086,False,4cxj9FVLsq5VOisS3adVuk,track,1
Makossa,"Guille Placencia, George Privatti",Fellas Wanna Dance,2019-05-06,0,410332,False,0cUq2TphM14cgaZEGYf6LD,track,2
Hype,Paul Cart,Hype,2018-02-05,0,387115,False,13zfoABAa4Qp18AeEuVzey,track,1
Bubbaloo,Andres Blows,Summer 2023,2023-07-07,2,361875,False,11QkmYzSPLt9dPyPB8Yi05,track,7
Yo Mama,Ivan Oliva,Carnival 2018,2018-03-05,0,450735,False,2zPICUhxfW9bxXRXgBD3Yi,track,13
Boogaloo,"Piem, Kokks & Lein",Boogaloo,2017-12-11,0,421951,False,0UckBBRQN856S8cEMLQs8N,track,1
Pretty Boyz,"Andruss, Dmitri Saidi",Pretty Boyz,2020-12-18,12,395322,False,3MFWv6zRagqMyDFQKnMJkb,track,1
Shawty,"George Privatti, Gustaff",Don't Stop the Beat,2023-12-22,9,336378,False,1MINAFbOmCEjIYVKm2hYuT,track,2
Love Me Dont - Kevin McKay Remix,"Dalfie, Kevin McKay",Summer Compilaton 2017,2017-07-14,0,447600,False,4TsD3chGnmRdNCjEjHM8Nk,track,11
Jungly,"Guille Placencia, George Privatti",Jungly,2022-08-12,13,375019,False,57wY9yZ77WATPMwVIdwmwq,track,1
Real Shit,Warren Blake,Real Shit,2021-11-12,6,306141,False,5bRExhKK194MJiQxCJMHZM,track,1
No Matter,"RIVERAH, Ghek",Off Sonar 2017,2017-07-07,0,413673,False,7jKcVSaC2l7kz2s9ITKF5K,track,6
Boncala,"Elegant Hands, Calego",ADE 2018,2018-11-05,0,404259,False,7Cmsd6r8GZMMAbTChKQ6xV,track,11
The Sonic Busters,"Guille Placencia, George Privatti",The Sonic Busters,2019-06-28,31,403210,False,1xEFDlGgTObepC7n0NL2NG,track,1
Oye Bien,"George Privatti, Saul Antolin",Oye Bien,2021-12-24,17,330708,False,2kk6kk3JDukYn4L1BM3s55,track,1
Don't Stop the Beat,"George Privatti, Gustaff",Don't Stop the Beat,2023-12-22,10,330232,False,4sHAEAqZSWwDHRv87RITda,track,1
Repeat After Me,Guille Placencia,Repeat After Me,2023-09-15,10,343403,False,1ae78tqp8RgZRtqhePcLJV,track,1
Django,Guille Placencia,Repeat After Me,2023-09-15,5,391870,False,7FFZGQjU3HIfw1Kebgfpj4,track,2
Trippin on You,Guille Placencia,Repeat After Me,2023-09-15,3,397342,False,1nuys2Q7OSc7eT3ZN7lhEZ,track,3
The Inspector,Guille Placencia,The Inspector,2022-01-07,11,379862,False,0bFu1qZM4VDNwikIKkrGW7,track,1
Mamma Jamma,Guille Placencia,Mamma Jamma,2021-10-29,5,386795,False,4r6Nis71U93UKE0bRQe9Gr,track,1
Flamingo,Guille Placencia,Mamma Jamma,2021-10-29,11,401728,False,5kL05X1kpRZWfs6fkRLPOT,track,2
Riggy Riggy,Guille Placencia,Riggy Riggy,2021-01-22,2,403695,False,1gIoZJT1dwfrUJ0sTVZeAm,track,1
Gang Way,Guille Placencia,Riggy Riggy,2021-01-22,9,403814,False,7jaA5mg13MhUdFo6LkLreP,track,2
Go Girl,"Guille Placencia, George Privatti",Go Girl,2020-02-28,23,367628,False,4zJa1pbuhoFQVCR7bZGDC2,track,1
Good Girls - Radio-Edit,"Bruno Furlan, George Privatti",Good Girls,2024-10-31,28,190615,False,1ay3QtSwk4SVlIBdQzG8UO,track,1
Tamo Chucky - Radio-Edit,"George Privatti, Kiubbah Malon",Tamo Chucky,2024-03-22,11,180000,False,1DHQ9xMZQ7v04w0BncCDxf,track,1
Chiquitilla,George Privatti,Chiquitilla,2023-04-06,21,404651,False,4BLZL0Bz5FnXjOcDcUlsKm,track,1
High Mountain,George Privatti,Chiquitilla,2023-04-06,2,356307,False,0aBW2X1NcvswyYqGHO4yb0,track,2
4Ever & Ever,"George Privatti, Angel Heredia",4Ever & Ever,2022-06-17,6,397142,False,7wl0d8o6iQ81GrdeESBeq5,track,1
About You,"George Privatti, Angel Heredia",4Ever & Ever,2022-06-17,3,403200,False,0g5wp0AKBBghvI0I5h1Wh9,track,2
Amazonas,"George Privatti, Saul Antolin",Oye Bien,2021-12-24,8,393750,False,09rA9SUUKyw7cznNfNqILT,track,2
Circling,"George Privatti, Mauro Venti, Val",Circling,2021-08-20,0,365714,False,21AtGTg81HIlAsYUCJDHMC,track,1
Press Kidz,"George Privatti, Mauro Venti",Circling,2021-08-20,3,381732,False,5UezF4cZw2L72Cx3mFKDjy,track,2
Fellas Wanna Dance,"Guille Placencia, George Privatti",Fellas Wanna Dance,2019-05-06,8,376100,False,4HdQIdRF6b6sBe3aF6KMNO,track,1
Yo Kids,"Guille Placencia, George Privatti",Yo Kids,2019-01-14,5,415812,False,5ctDJMQHDeCA4UsW57l1ZS,track,1
Put up Ya Hands,"Guille Placencia, George Privatti",Put up Ya Hands,2018-12-17,6,399359,False,5622Ftcy8tMm4JwEEBmqEi,track,1
Put up Ya Hands - Sante Sansone Remix,"Guille Placencia, George Privatti, Sante Sansone",Put up Ya Hands,2018-12-17,1,350495,False,407Y3Pd7O1qe0xOnfNwUzK,track,2
You Want More,"Guille Placencia, George Privatti",You Want More,2018-06-18,3,421977,False,2LLoCLixs34OjFHYIh7aqn,track,1
None of Your Business,"Guille Placencia, George Privatti",You Want More,2018-06-18,2,411147,False,53NjcLLiVlofv7mw7PVHu4,track,2
Cargobob,"Guille Placencia, George Privatti",Cargobob,2018-03-26,3,440975,False,0uKlUCpvrY0ib3grSdHTy3,track,1
Dells & Dills,"Guille Placencia, George Privatti",Dells & Dills,2017-12-25,2,440975,False,0ozi4WMBJe5sF7D66Adinh,track,1
Aqua Jam,Guille Placencia,Dells & Dills,2017-12-25,11,441305,False,2AVdFfc2F5JHCEKeH5Y3Cl,track,2
Please La Suitte,George Privatti,Dells & Dills,2017-12-25,2,439512,False,0FkYoa6l2DNQe6U9uGExwk,track,3
Everiano,"Guille Placencia, George Privatti",Everiano,2017-10-29,1,413658,False,22HP5R5AQX7Avp21kPGyfl,track,1
Dominus,"Guille Placencia, George Privatti",Dominus,2017-08-21,1,412672,False,15KoveTb9PvRVECqN9jwDE,track,1
The Grub,"Mario Biani, Guille Placencia, George Privatti",So Cute,2014-10-27,1,411264,False,41yJaVCiZir1PDxnNjI3ma,track,3
Buccina,"Oscar Aguilera, Guille Placencia, George Privatti",Buccina,2014-04-21,3,398361,False,5lrogNPMWLlBZNQJqtvV7w,track,1
Pomposo,Angel Heredia,Summer 2024,2024-06-21,7,353488,False,3E3ymJ5GadCOQdFbpRJGU4,track,1
Happy Hips,"Tomi&Kesh, Mad&Meis",Happy Hips,2024-05-24,11,425196,False,5UIDvXtrQ4J8hdWxi8Is2K,track,1
This Is Underground Sound,WeMart,Alien Attack,2024-03-08,2,390024,False,2H8eagIbV6xpmOM2SUg3AM,track,2
Congatrol,Angel Heredia,Congatrol,2024-04-12,12,364218,False,0n2qAqIxfCHrCdZIPNyauR,track,1
Dope on L.A.,"Oscar Madrid, Black Fader",Summer 2023,2023-07-07,21,345961,False,6IdU84YTTBl9gVimAuo9ab,track,3
The Prince,"Javi Colina, Kharlos Chan",Summer 2024,2024-06-21,4,330000,False,0tfP5RPqx6Pf1T5E2SeZiC,track,5
Fire,"Javi Colina, Quoxx",Carnival 2020,2020-02-14,0,386000,False,6fjBw2sFRH6r9U0j9ckP41,track,6
Stay Low,Freenzy Music,Money Speaks,2024-12-27,17,315000,False,2TOujvO1eJpQlQO1w8V6Bm,track,2
Need That Shit,David Treble,Need That Shit,2024-11-29,6,326250,False,2OaPgNXR7E9tvnxSQpt5CP,track,1
Grimey,Oravla Ziur,Grimey,2024-11-15,4,366093,False,2bMqSn0U0MOnRhEoZs4mV5,track,1
Freaky Mama - Radio-Edit,HAYNES,Front & Back,2024-02-23,4,180000,False,49gZvP6SL82FscJdOYd6GA,track,2
Dancefloor - Radio-Edit,"Fran Ares, Sergiodnine",Dancefloor,2024-01-12,6,154285,False,3Jm3nt66jlqAobT3PRSFX9,track,1
Transitions,Freenzy Music,Transitions,2023-12-01,15,342325,False,4ajqD2y6m0h92tbvr5YDbx,track,1
All Night,Techin,All Night,2023-06-09,16,357209,False,2kANsA4cgYZ3kn7tXymFB1,track,1
See Line - Wade Remix,Dennis Cruz,See Line EP,2016-03-18,27,375358,False,2nx2ry2ESLhDSeRaWMojaz,track,4
The Shapeshifter - Original Mix,PAWSA,Stage Two EP,2015-11-09,40,344909,False,2QODIZ7c5HRPdeAUaGELJp,track,3
Two Step - Michael Bibi Remix,"Franz Costa, Michael Bibi",Two Step EP,2017-03-10,15,376624,False,2nfmXstsLYnRzw4C2TBaS5,track,3
Pressure - Original Mix,Michael Bibi,Be Mine EP,2016-09-09,21,381639,False,6rmnsAPCA3VhmwuFrrMayw,track,2
Neanderthal,"Doorly, Marshall Jefferson",Dirtybird BBQ: Secret Sauce,2016-06-14,0,372029,False,2cn9MQoqh4j5BeKtQwb9sv,track,1
Flight of The Pterodactyl,"Christian Martin, Ardalan",Dirtybird BBQ: Secret Sauce,2016-06-14,0,348540,False,3gp40mFzkCFp7P7h7XFVz1,track,6
Dirty Cache,Whoami,Dirtybird BBQ: Secret Sauce,2016-06-14,0,317225,False,4N3oRMCWaUYTC9fA2KOxRD,track,9
Aw Damn,MIDDATH,Dirtybird BBQ: Secret Sauce,2016-06-14,0,345714,False,4sZXLyBgW3lw5ShPqY0t67,track,13
Ass Out,"Wood Holly, Sage Armstrong",The New Years Special,2015-12-28,0,343388,False,4n1CkLArH5N8X71jDeqNWT,track,2
Bong Cant Stop,My Cat Snoop,The New Years Special,2015-12-28,0,411791,False,7MVOrpk6EcJWwnSxKAlYKP,track,6
The Hip - Dale Howard Remix,"Kevin Knapp, Sacha Robotti, Dale Howard",Stay With It EP,2016-04-22,0,422552,False,1uilp9bEYZLWPsNyTj9fZs,track,3
Beat That Bird,"Justin Martin, Claude VonStroke",Bird Brain,2009-10-21,0,339160,False,1OolSAOadUdx7sQlNxt9q5,track,8
Function,"Justin Martin, Ardalan, PartyPatty",DIRTYBIRD 10,2015-01-27,0,409793,False,46FZ3nLo2GX5hgazbl6Cbc,track,1
Road to Campout,Ardalan,Dirtybird Campout Compilation 2021,2021-10-08,0,291840,False,3ZvaNyY1IeOdlx6AqRBHvj,track,2
Sex Pills,Jibez,Sex Pills,2025-04-07,24,155156,False,1kz5hJJ721ljzdt7e0Inol,track,1
University of Street - Original Mix,"Onno, Reelow",Don't Stop EP,2016-05-20,1,435534,False,2QCnxeYR7LyiSkN23TBDtm,track,2
I'm Feelin' Good Right Now,Brett Gould,I'm Feelin' Good Right Now EP,2017-05-12,20,359268,False,4oJo4uuzJC05zAlJkG8SKZ,track,1
Twiple Fwet,PAWSA,Double Trouble EP,2016-11-11,16,418871,False,4P0kXaf9udydK6S2swjGG7,track,1
Bust & Shake,Bassel Darwish,Bust & Shake EP,2018-01-12,8,391475,False,7pTc2FwLAskd7dwgYkC58O,track,1
Playzone,Michael Bibi,Smoke Signals,2017-10-13,27,373772,False,4makMkCsQRES4zLXXdrzIA,track,2
Directions,Charles Pierre,Directions EP,2017-09-08,5,376615,False,4NLvjXP2p7PE99OHcAytH4,track,1
Right Beat,Charles Pierre,Directions EP,2017-09-08,2,408787,False,4BiVQTAeeYk1p1RaWMDAHf,track,2
Sound Boy,Leftwing : Kody,Sound Boy EP,2017-07-14,10,383606,False,0Ol6NFQ7nEjiWqY3RjXbbC,track,1
Two Step,Franz Costa,Two Step EP,2017-03-10,2,438688,False,41V28DYBy2PsrH3shiVJnR,track,1
Youngsters,Reelow,Thinking Of You EP,2017-02-10,2,455035,False,3uDuW4ceELd8przbjBZ5lF,track,2
S.T.L.Z.,David Pher,Over EP,2017-01-06,1,393466,False,5HdXu5foJ4rTo4aY5xCmXx,track,2
Grown - Original Mix,Andrew Beat,Grown EP,2016-10-14,2,418079,False,4uHmWJ5inZgU4zgXJhazeY,track,1
Shaolin Slap - Original Mix,Reelow,2016 Ibiza Sampler,2016-07-08,4,418725,False,2aGEpgPeFXM3UFIVYoeL8r,track,5
Excuse You - Original Mix,Michael Bibi,Restoration EP,2016-01-11,19,382622,False,0mZQWa5li6e9AjTRXwwb3r,track,2
Event Horizon - Original Mix,PAWSA,Stage Two EP,2015-11-09,18,409180,False,1xzazgPmnPDdJb0UqebRT9,track,1
Ready For This,Bassel Darwish,2018 Ibiza Sampler,2018-06-08,10,402708,False,7ccrMgJfaDxdu2owAWWO7M,track,1
The Stone,Franz Costa,2018 Ibiza Sampler,2018-06-08,6,436463,False,18ql63x3lTcg06eLXZhqdc,track,4
Let Me Hear Ya,ANOTR,Let Me Hear Ya EP,2018-12-07,24,428854,False,2k045uJY7ifij9Dep8HoHx,track,1
The Ciggie,Cloonee,The Ciggie,2018-12-17,51,373032,False,1r8ZqfggYqW1R2JjiDGBQV,track,1
Diggy Shit!,Shaf Huse,Diggy Shit! EP,2019-02-01,2,360968,False,3bksDNHe1e6zDDSC6Ih9dS,track,1
Obi,REME,Obi,2019-04-05,1,417234,False,29ZK3mrttNR3TbI5eUEy60,track,1
101,REME,Obi,2019-04-05,5,394426,False,6FifSqWvutpQ6rFE9r83tN,track,2
Like A Bee,Eddy M,Like A Bee,2021-04-16,25,253023,False,1XFH9lrAI9ZXXFilgwk3kq,track,1
My Fellas,Dennis Cruz,2019 Ibiza Sampler,2019-06-14,8,404153,False,31YOmFBmHaccfD807ne8zI,track,3
One Minute Left,Eddy M,2019 Ibiza Sampler,2019-06-14,13,365775,False,4vjfmaX3wMbUScfUHDgJFH,track,4
Verve,Ramin Rezaie,2019 Ibiza Sampler,2019-06-14,6,363442,False,3aI5w1gGDX98auaExQsvYa,track,7
Right Time,Josh Butler,Right Time,2019-08-16,18,326665,False,1O0J3pRvyZqamK3IHatfSl,track,1
Human,ANOTR,Human EP,2017-12-08,8,389508,False,6e1nVQKmKsOga1D6f9TX66,track,1
Rock & Roll,Dennis Cruz,Rock & Roll EP,2017-11-10,26,388524,False,011n8lBopxh6VVTxXnyKu0,track,1
Troll,Dimmish,Lunar EP,2019-09-20,13,462868,False,2QLlGPzBYeixEyqJKqzqj9,track,2
The Funky Lady,Eddy M,The Funky Rebirth EP,2019-12-20,21,393078,False,38wZ0to3dN2O1TrgHHqZ4U,track,1
Don't Mess With The 808,SOSA,RAW GROOVES VOL.1,2020-10-16,8,339692,False,0HUkOk2IpE4wNkLvZdAara,track,7
Non Sense,Maximono,Non Sense EP,2017-05-12,0,406626,False,4ycsx3S2SxZyl1YyMiWyIX,track,1
Ya Kidding,FISHER,Ya Kidding,2017-06-30,6,238080,False,3fDgxdcf0jeJgGiZJGUmyK,track,1
Quarterback,"Frank Storm, Francis De Simone",Quarterback,2024-05-17,21,201230,False,3dHC6igqaUEsX0EMn4usPZ,track,1
Zuboys,"Guille Placencia, George Privatti",Automatic,2025-04-04,17,394896,False,5uMMz0TQtfUx1VvpwbYXGw,track,2
Atmos,Angel Heredia,Carnival 2018,2018-03-05,0,388500,False,6GfL6NvI7oNx1DF6ksdPgX,track,4
Extasis,Angel Heredia,The Showman,2020-12-04,3,372480,False,2XI2bUqAKj17YyiFi20tsi,track,2
Gubbins,Angel Heredia,Rolling to the Top,2021-06-11,1,343937,False,42ZgGizmNBeukH5eooM6Fg,track,2
Got The Fire,Michael Bibi,Got The Fire EP,2018-01-26,52,220645,False,6FzTK4thuT68kM23BLFjTo,track,2
Bigger Than Prince - Hot Since 82 Remix,Green Velvet,The Chapters of Green Velvet,2014,43,394124,False,3PW35Q7BLZ4xoHgCRxUZ4f,track,2
Garden Of Groove,Michael Bibi,Garden Of Groove EP,2019-10-04,0,433548,False,2JfZEVbCyf1huLq85kKiwj,track,1
Funk Flex,Michael Bibi,Garden Of Groove EP,2019-10-04,0,382500,False,6MGVWMycfRPYBpDIH1o7co,track,2
Sleep Like a Stoner - Michael Bibi Remix,"Iglesias, Michael Bibi",Sleep Like a Stoner EP,2018-04-27,34,383234,False,16HQvCCXKwI7ejUZbRwJOm,track,2
Can't Slow Down,Max Dean,ENDZ052,2023-05-26,34,391764,False,6g688TONRI9ePD1neyOTKp,track,1
Mas Duro,Kofla,Mas Duro,2023-03-24,10,333548,False,1azTkcoinaGeq0idaywUNf,track,1
Rebound,Cele,Rebound,2021-04-16,0,442204,False,49qcRA3CXxQ6G0wYoFd3tC,track,1
Lollypop,Oravla Ziur,Lollypop,2023-11-03,3,367548,False,07fEZ9aRbrJfGMmm7fsIEX,track,1
The Drums - Guille Placencia & George Privatti Remix,"Kinnerman, Moji, Guille Placencia, George Privatti",The Drums,2018-07-30,0,418570,False,47b0FEEIDofYFtknrl5Oxb,track,2
Kick High,Ammo Avenue,Carnival 2021,2021-02-05,1,380787,False,2pHoeUi7jMOBprR9WQ5hLr,track,2
Stereo,Motion Sky,Hand on the Button,2019-07-19,0,407057,False,50hqkxcwyaJGv5MJynobD0,track,3
Friday Night - John Lagora Remix,"Grasso & Maxim, John Lagora",Summer Compilaton 2017,2017-07-14,0,410009,False,0m0LKVjZyhHPHy7CPCdja6,track,12
Hollywood Flow,"Tomi&Kesh, Alessandro Diruggiero",Flashback,2022-05-20,16,400791,False,0P3YycHFs4mcWAxlsYF8fk,track,2
Taketake,Kofla,Mas Duro,2023-03-24,12,363784,False,3C8ZlpoiSCtWaz80hBrwqF,track,2
Eme 180,"Jairo Delli, Kevin Corral",Lkt,2024-12-13,8,364724,False,2rM3mpoT9Ur0DDJgf8WTme,track,2
Redux,Salvo V,Carnival 2020,2020-02-14,1,380971,False,5KMXMGoZzL42xUfrrcVgHd,track,13
Revolver,Angel Heredia,Revolver,2023-09-01,9,366614,False,5hLcXo11W9dc9tfflNuqUx,track,1
Step Two,Angel Heredia,Revolver,2023-09-01,2,367619,False,6ilT0v5YDpzWfc0dNHnzVP,track,2
Little Prodigy,Angel Heredia,Little Prodigy,2022-04-22,3,369523,False,7eqvSdgk3q4EdyIy8jO92A,track,1
Baby Come,Angel Heredia,Tested,2020-06-26,0,370560,False,6N7qpIOLDZOXZcRUm5cCyM,track,2
Drums Power,Marian (BR),Drums Power,2023-05-05,28,198320,False,3nP0r8TD2xvPut4tT6PNor,track,1
Ouhweha,Chicks Luv Us,Eyes Like Paradise,2021-06-25,4,381732,False,5ulVOJsFTPoSabzMKZWeks,track,2
Groovera,Tennan,Justify the Funk,2020-11-20,2,354285,False,5PYE8R8Cj6biMzAum7h4dk,track,2
Fish & Chips,"Last Vision, Rone White, Alessandro Diruggiero",ADE 2018,2018-11-05,0,441287,False,0BM7QDz8CQ7LuMNXyfwPHG,track,14
Maracatone,Cele,He We Go,2024-07-19,2,366614,False,024uyQOXanbRjOGr2iBFkt,track,2
I Need You,Us Two,Breaking Dollars EP,2024-09-06,27,160546,False,0ALfuqqJgdBagzIrFIYivL,track,2
Monday Beats,Nacho Scoppa,Cactus,2023-12-18,10,369523,False,0wKwcuFW7WgHHDKI6JRDwE,track,3
Diamont - Extended Mix,Angel Heredia,SOY EL JEFE EP,2024-08-15,12,363750,False,6fI64MdzfX1rppQDacZqNv,track,1
Take It,Steve Aguirre,Various Artists Vol. 1,2024-02-27,18,354461,False,3Qs7EzmCYsgoPhTdws5mny,track,14
The Funk,Andre Zimmer,The Funk,2022-04-29,32,170624,False,5HdM1DrnRZiFJwQn8IUeJB,track,1
Tik Tak,"Sunday Noise, David Ink",Scream,2022-11-18,2,373953,False,0CPZDCaXhj9XRsOYk9iQ61,track,3
Banki,Jairo Delli,Banki,2024-02-07,18,251338,False,6oXFau2zhYGNYk97JTLZ1U,track,1
Sexy,Jairo Delli,Banki,2024-02-07,16,264374,False,5SvMfo66aA7r7Gj9lYitqS,track,2
How It Feels,VLTRA (IT),How It Feels EP,2024-06-14,11,359083,False,0xNS3vjw1xUOJWigYazZ2R,track,1
Riddim,"Freenzy Music, Mood Child",Riddim,2024-08-02,22,208640,False,2FVeXkrooT7OoZ7nogDRUw,track,1
Pegao,"Cloonee, Andruss",Pegao,2024-09-06,51,218813,False,0LmYyhrISLyWmZKyoNUs02,track,1
Serenade,Angel Heredia,Serenade,2024-03-15,17,217500,False,2nJLMSba54PauMPo5jSjGw,track,1
Bongo Drums,Trace,Bongo Drums,2023-09-08,32,167317,False,2883JdzRwEKKBlcr6lZqGe,track,1
Sola,ESSED,Welcome To Hell IV,2025-03-14,24,207778,False,5bDPtAzMt6fv0nXF5GLaS1,track,1
Katchy,GREG (BR),Whispers EP,2025-01-24,30,165000,False,6GJiH8vgGBU3NR1Ht4VMvb,track,2
Boa Abelinha,Andruss,Boa Abelinha,2023-07-14,28,201245,False,2ch2EVzaYcuuY83gs5V4VA,track,1
Panky Peeps,George Privatti,Naftalina,2021-03-05,12,402580,False,4Uh0wOYZlyvyahTJyKhXek,track,2
S.W.A.G,"Jamie Coins, Classmatic",S.W.A.G,2018-05-21,0,378536,False,5ompiOoD8zM82LLZRWfCru,track,1
The Money,"Italobros, Gemini 529",Jumpin,2020-01-17,5,390495,False,0mSbWE4DYtQ7GBxgfyBW0e,track,2
Warm The Room,Vales,Warm The Room EP,2024-01-12,52,198095,False,3J2NYvzoq3LEACpxyJv1iN,track,1
HOUSE OF LUX,DannyLux,DLUX,2023-08-18,68,140735,False,3CU1qWV0h0PvWXQg71YUoo,track,17
Cock Sings,"Danny Kolk, Hot Bass",Night Wolves,2017-10-02,2,332903,False,02Ba1RjNuRqZcS6ipkcmcs,track,3
Feel The Drums,Marc Ross,Feel The Drums,2024-02-09,6,166406,False,3GZsTNSfHUhiSkXmylTm3D,track,1
SLOW FLOW - Original Mix,Angel Heredia,LATIN FEELING,2022-05-12,7,369523,False,5iihS2dYQ7eUfwNL8dNfgD,track,2
Put Em Up,Guille Placencia,Put Em Up EP,2024-07-12,8,196875,False,7GeUxIuxi9TdTtezBu19ii,track,1
Crunk up On,Guille Placencia,Me Encanta - EP,2022-10-20,3,391894,False,4qMfTLmRoXIAPr10KUsIYH,track,2
Strokes,Guille Placencia,Strokes,2022-02-04,5,361884,False,5UcWwhF5DyshpOYROfcdza,track,1
Take Money,"Guille Placencia, George Privatti",Take Money,2018-10-08,2,440975,False,6mvMs57c5JvaKjQ8ZaSQPW,track,3
The Superfreak,"Guille Placencia, George Privatti",Dynamite EP,2018-07-20,3,396784,False,2HnU4s6fKVSU8ihgGjHa7k,track,3
Snappy,Guille Placencia,Nineties,2018-06-22,1,385828,False,3kG5vBosEekEsTv1mTtZV4,track,1
Porzingis - Original Mix,"Guille Placencia, George Privatti",Porzingis,2018-04-13,2,403836,False,36DB7WKU3pCn9bGzRvQgIg,track,2
Headnoise (Get Hype),"Martin Ikin, Dope Earth Alien",Headnoise (Get Hype),2019-11-01,4,179032,False,71XJHXchGOQpesUpWKPnAo,track,1
Unlisted,"Metodi Hristov, Gallya",Glasgow Underground Ibiza 2015,2015-06-08,0,359254,False,2xfYX4YTetrglt0uM6ojDq,track,1
Detection,Leftwing : Kody,Detection,2015-12-25,14,439452,False,59bSz8XCVd1izEbPTRScad,track,1
The Sax,Key City,The Sax,2020-01-04,2,386429,False,1tXcWwD3nC9lJSxkGoksX9,track,1
O La,Wheats,O La,2021-08-27,7,420983,False,5nocOm44fKwcQmiyyvECZB,track,1
Where You Are,Beau,Have Mercy EP,2019-02-11,7,448700,False,3TyBF9NcFKFovvxVwpxao8,track,2
Indiance,Prok & Fitch,Indiance,2020-07-24,29,384374,False,7a3tA35KrvB9r4Sl7W8Pfz,track,1
Rock the Discoteck,Sante Sansone,Git Moves,2019-04-22,0,377918,False,7uYqOM3IWnMI1iw0BABCrj,track,2
Beef,"Malóne, Jesse Bravo",Beef,2024-06-10,19,183750,False,3c7OJFgOh9Rqu8eAYpoZxh,track,1
Bless the Rain,Piero Pirupa,Bless You,2016-08-05,35,418306,False,65hYIBtWaUNEX0nGlbHPnS,track,1
Do It Like This,Biscits,Do It Like This,2018-12-14,24,179032,False,6JR7gYT1P4t1koPPgq4miN,track,1
Mad,Dennis Cruz,Mad,2017-05-05,38,395710,False,1erTw4ZJhfiBjXlGZoVslq,track,1
What Is House - Santé Remix,"ANOTR, Santé",Fifty,2018-02-23,12,371612,False,5gy0rA4eXXaRKKR06ETlQT,track,4
Jano,"Paul Darey, Joe Red",Jano,2018-05-04,21,394146,False,479gG92yoY547EDiEgUMXh,track,1
Bo Bo Boom,Flashmob,Bo Bo Boom EP,2018-10-26,21,210101,False,67tHJUPmxRoDDXc64yQqxP,track,1
Braindance - Raffa Fl Remix,"SEFF, Raffa Fl",Braindance,2018-08-17,8,350324,False,2NqsT3B69ZuXwhRlGKLfk8,track,2
Stratagem,Josh Butler,Stratagem,2017-03-31,33,390311,False,0MQwWxw7XdXYUKPfz4enB7,track,1
Samples On The Deck,Dennis Cruz,2018 Ibiza Sampler,2018-06-08,12,378658,False,2luyJYEGwefL3qM4NxPvxX,track,2
Get Enough,"Dani Holl, Genny Effe",Get Enough,2018-02-02,9,413760,False,7BI4mug4v3CiE5lf2VlvBO,track,1
Turn It Louder,Dale Howard,Alfagarth EP,2018-02-16,1,216774,False,6W5dQlEn7zfevoSkbjB4vp,track,3
This Time,Pirate Copy,This Time,2020-05-08,17,383606,False,3pBs6emMoVQrEgdBstjBdP,track,1
Imitation,Eskuche,Repeat EP,2019-11-18,3,372156,False,0wMH9prINWMXm7jRlKKKlQ,track,2
Fuel - Original Mix,Rockwell and Landers,Running EP,2016-02-19,2,400327,False,0sEXBaFeypskfDF62S5tgB,track,2
Thoughts,James Dexter,RAW GROOVES VOL.1,2020-10-16,4,369477,False,4tPflXUplhQqGZqg4SlSYY,track,4
Runnin',Aaran D,Runnin' EP,2018-10-29,12,373337,False,6yjRnNXt0nFbfY8fX3x4am,track,1
Origin,Bassel Darwish,Summer Sampler 2020,2020-08-14,1,378644,False,6PWQlpuzGe8asdb2os8zRJ,track,1
Sassy,Iglesias,Sassy EP,2018-08-27,13,387393,False,3Ddtsb0BnIKqiEYmpLiRrT,track,1
Chop & Bop,"Ren Phillips, YINGYANG (UK)",Summer 2020,2020-06-19,1,393139,False,3Kh8dTCiSBvUIAhSLs8nQp,track,10
Eyes Like Paradise,Chicks Luv Us,Eyes Like Paradise,2021-06-25,3,388575,False,7LfoImloTKsmcDShAry81W,track,1
Are You Serious,Guille Placencia,Are You Serious,2017-07-03,3,476046,False,608x3gcs4iRL3aE50OEfLE,track,1
Freak Out,Mancodex,Freak Out,2017-09-22,0,362006,False,6vOfz0EszIYxLBxmMowqmU,track,1
Love & Marriage,"Walker & Royce, Dances",Self Help,2017-10-20,0,251227,False,492dl1X4i6MTKmyVokcvJY,track,7
Show Me,Shiba San,Clean Or Dirty EP,2017-08-18,8,232240,False,0xuZYpUTZ7TVyjbO4QBBZV,track,3
Pants On Fire - Original Mix,"Ciszak, Bruno Furlan",Pants On Fire EP,2017-10-13,6,430362,False,4yXbsoy4TvOztjqyTpnCzF,track,3
My Style,"Black V Neck, AYAREZ","Various Leaks, Vol. 2",2017-04-07,0,283872,False,2ePoEVctM6zLZnQ9tobAX4,track,3
Outta Space,Bump Ugly,No Entry / Outta Space,2017-10-20,1,341370,False,1Bh1yBfhpC1PysMxTuFNDC,track,2
Big G,Chelina Manuhutu,Big G,2020-09-04,29,379354,False,4GjYLnxeEeBauUx1AlHucY,track,1
Freakiness,Chelina Manuhutu,Freakiness,2023-07-07,26,220952,False,27teEuh9kHjCj4SOQWgkZy,track,1
Hit It,Alessio Bianchi,Change,2023-04-28,2,398000,False,10J5w6TMXaLLVgYI5v1YPf,track,2
Crazy Trip,Bizza,Crazy Trip,2022-10-07,0,376062,False,3z3dgrKARESmrp3rQZl44p,track,1
Influenced,Secnd,Influenced,2022-07-15,4,366000,False,1WRUXcXDfDA3sxenpKKPzY,track,1
Greta,Level Groove,Digital World,2022-07-29,0,479040,False,2MAgJYcL5khWpwZzwwGBr3,track,3
Baby the Baby,Jorge Hurtado,Carnival 2022,2022-02-18,2,350908,False,2ogWTkEYYXl3qr17b1cBYk,track,9
Back to the Underground,Manu Fuentes,Back to the Underground,2020-07-24,4,421875,False,5V7afjU8JbyOyoSwsxp9GH,track,1
Jackit Up,Manu Fuentes,Back to the Underground,2020-07-24,1,391875,False,564Qdu7wQlCVrbRnwOYnrj,track,2
Niggaz Talk Crazy,Guille Placencia,Summer 2020,2020-06-19,4,387855,False,0pQNaQHBGM2tjMzxmi9DuB,track,2
Needing You,Alessio Bianchi,Carnival 2020,2020-02-14,11,380177,False,1xmKAkfLuUihODpbBCPdS9,track,11
Smack My Bitch Up,Manu Fuentes,Off Sonar 2019,2019-08-09,0,428571,False,5hKZIi5Eua6OSYjBRwozXt,track,2
Nobody,Guille Placencia,Nobody,2018-11-19,0,375499,False,4xyw9MReZrdClVgrKRlBeL,track,1
Something,"Guille Placencia, George Privatti",What a Bam,2018-01-19,0,410337,False,0DYdiain3zw3ENQFh2GLCJ,track,2
Pump,Waitz,Halloween 2019,2019-10-25,0,385326,False,3vbEfa1pGWUS7LEPm5mmJF,track,1
Hand on the Button,Motion Sky,Hand on the Button,2019-07-19,0,384019,False,5cu2vzhFBPbknBxeVfxunY,track,1
Samingo,"Jaime Soeiro, Fabri Tacc",Carnival 2019,2019-03-18,0,378000,False,4ENkWOPTYACK4Ux32jRIjM,track,11
Body Movin',Motion Sky,Carnival 2025,2025-02-21,6,331171,False,57kN01b4m8bJwTejPXMuk9,track,7
Flashback,"Tomi&Kesh, Alessandro Diruggiero",Flashback,2022-05-20,9,398000,False,3PtXmdkdRBVpAf9myTxxgb,track,1
Zippyshare,Motion Sky,Hand on the Button,2019-07-19,0,388586,False,4rlLNAICQLYzLcyledIc0B,track,2
Bounce With It,Mike Morrisey,Miami Compilation 2018,2018-04-09,0,374706,False,225EAPmQFrK5JMi25RJjvC,track,1
Black Dayz,"Disk nation, OJ. Santos",Get Ready,2021-04-26,1,332913,False,2C746qA8IAhWvjcVH7hARs,track,2
Agua,"Caitto, SUPER (ARG)",Agua,2021-08-30,9,409890,False,32KfYitjaESKEehZqdIgQI,track,1
Funky,MS Pika,Tomorrow,2021-02-15,1,332598,False,5zQ28OQhJqMRSFdsSOipI9,track,1
Party Buzz,Sllash & Doppe,Party Buzz,2022-09-12,19,321290,False,60upekjKpXsrmeNq5E76Jf,track,1
Actitud,"Davina Moss, TomSilver",Miami 2022,2022-03-28,1,384000,False,1VCPVFeuonTeXpSek6TNOI,track,15
Intruder,"KRESPO, JaKuna",Emergency,2022-04-18,3,335714,False,4yPautJf0vz7Us2FzcV30g,track,3
By My Sy,"VLTRA (IT), Francis De Simone",By My Sy,2020-11-23,6,375000,False,5IMglz2uEyW4AVSNC2ya0J,track,1
Wanna Party,Luka Kuhnow,Amsterdam 2022,2022-10-10,0,382798,False,5W7Aq7NYltoeD5JG2Bsvg0,track,10
Give You Back,Diego Bustamante,Amsterdam 2022,2022-10-10,1,366633,False,6tcLHGR9j70xnFAu6QzotP,track,18
Rebirth,Agar,Bad Side EP,2018-12-07,0,388276,False,3canASEPTkpepnAvKrheWN,track,2
Move It Back,"Bohemien, Raf Parola",In My Soul,2018-08-03,0,410327,False,1TWL4z5vNytpSxIBzPkP47,track,2
Everybody Get Down,"Fede Aliprandi, Groove Killah, Malgado",Everybody Get Down / Top Billin,2019-02-08,0,402575,False,4m81ee1W5dfz6LogGZ2tju,track,1
Show Me,Eddy M,Show Me / Five,2020-08-21,20,390000,False,1UwAOQX0JkWLnlRuIKVUde,track,1
Exposure - Oxia Remix,"Stefano Noferini, Oxia",Exposure EP,2017-06-19,1,408982,False,05kejmwN6Xy0p4k9knOycw,track,2
Keep on Dancin' - Original Mix,Waitz,Keep on Dancin',2018-01-26,0,405218,False,0MZN2lOftoYdF86vzqOhgh,track,1
Your Weakness,Alexic Rod,I Beat You,2020-01-31,1,418066,False,5ZxIitYsZcvc6iCTMjRfJM,track,2
Up There - Max Kernmayer Remix,"MoonDark, Lujan Fernandez, Max Kernmayer",Up There,2020-03-27,0,354285,False,6L4iUCyYcGcKa659xFZPJb,track,2
Psilocybin,Josh Butler,Stratagem,2017-03-31,18,363902,False,6EaAwWq95cteCx0pz3abBq,track,3
Code,Bassel Darwish,Bring Down,2019-03-15,4,373770,False,2hKRd21SE8KpCye8ffnDcY,track,2
Indian Vibes,Chris Child,Indian Vibes,2017-10-27,0,459212,False,4tqqXkNpPcQiL2xn8SWP3j,track,1
Fresh - Mendo Remix,"Reelow, Mendo",Fresh EP,2018-03-30,31,224274,False,4V422qYBGRlfXUT7rsenHO,track,2
Last Dance - Original Mix,Joeski,Last Dance,2016-02-15,4,427317,False,0PMXQtD7hesIbRnX6KGzh6,track,1
Busy Time,"Knober, Sylter",Ask Yourself,2018-05-21,0,416000,False,1nRXWnqqN8eBnIZiZUQhW9,track,3
The Flow - Max Chapman Remix,"Deeper Purpose, Max Chapman",Roll Up EP,2017-08-11,2,472000,False,36lUiYM8eysbDJss6ACqCm,track,3
Breakfast,Luca Radez,Best Of Low Groove,2019-01-25,6,373548,False,7nIlxtjZIidBuhZVsYQnZC,track,2
Kokiche,Peppou,Best Of Low Groove,2019-01-25,2,379354,False,3QZFciMRBuJDIaWsDWYyas,track,4
Tic Tac,"Alexic Rod, Colombo",Best Of Low Groove,2019-01-25,1,340906,False,1vCzaTD5GvQkxvuvRAVoKf,track,5
From The Bright Side,"Bizen Lopez, Boy.An",Best Of Low Groove,2019-01-25,1,409757,False,2crnFKlIDIT8r9wAdgDEm5,track,7
1 Two 3,"Alexic Rod, Colombo",Best Of Low Groove,2019-01-25,1,418360,False,6tqrUyV1ucoF79utz4VvM1,track,8
I Start Walking,Marco Strous,Best Of Low Groove,2019-01-25,19,371615,False,3RMWCKgu4Wg0oCGHsyoxHf,track,9
Ket Kafe,Luca Radez,Best Of Low Groove,2019-01-25,1,374634,False,2HdTbSb0KWeonkZp9ReUN9,track,11
Right Now,Josu Freire,Best Of Low Groove,2019-01-25,1,376610,False,27OJSBiDOOQ6EIvH0S4qYY,track,16
The End,Gotti (UK),Best Of Low Groove,2019-01-25,1,405853,False,06x1ZkTyE2wICafO4YSecF,track,17
"Hollow - Alexic Rod, Colombo, Luixar KL Remix","Bizen Lopez, Dubman F., Alexic Rod, Colombo, Luixar KL",Best Of Low Groove,2019-01-25,1,453666,False,3BTCpvTB2ZgV4Xam2qmkDK,track,18
Every Day,Bassel Darwish,2019 Ibiza Sampler,2019-06-14,21,372972,False,5wuZZLe4CHxMOqjtl192gx,track,2
Groove Move,Sidney Charles,Groove Move,2013-12-02,13,413893,False,1sHWJqmch83nQLz0aPNB4F,track,1
Yodel Song - House Mix - Mixed,Basement Jaxx,Elrow Vol. 4 (DJ Mix),2019-09-06,0,330241,False,6Y6RKfeXsqbbBHW5l7HYU1,track,4
Magenta,Leventina,Magenta EP,2019-02-08,10,210120,False,6DYgVv7oh1bx7ilwtXpEjD,track,1
Rock Da House,Shiba San,Rock Da House,2019-07-19,32,198571,False,2MErAwy2PGzGgPlRliGCrS,track,1
Egyptian Lover - Latmun Remix,"The Golden Boy, Latmun",Egyptian Lover,2017-03-03,0,403377,False,7x2fbKAySa0S3OGB860HRD,track,2
The Truth - Extended Mix,Ammo Avenue,The Truth,2019-11-22,0,399485,False,6w7VWbWaLmHAHME7HGu2Mk,track,2
Appreciation,Goooey Vuitton,Appreciation,2018-06-29,24,203809,False,3d0lXu8fi8wOAW2chFrpTf,track,1
Latino,Angel Heredia,Latino,2024-08-02,26,170078,False,08EoPK1aSqJ1FK7R7AtAoE,track,1
Keep It a Stack,Hector Diez,Carnival 2025,2025-02-21,7,340157,False,6mQOUtqydoQlKQHBXgMSBg,track,10
Smack Ma - Edit,Jerome Price,Smack Ma,2020-02-21,0,186785,False,2mpDrsBCPlgro46LqRGdQI,track,1
My Way,"Angel Heredia, Karretero",My Way,2025-04-04,29,226875,False,5rZ2jdiN43Q1RAY0M8gQE1,track,1
Booty Roll,"GIOC, Eric Olliver",Summer Vibes,2022-08-22,1,390000,False,5Rgkqpi28ajvSG8L9JasgU,track,13
Get Naked,"Versus, Dissolut",Get Naked,2019-08-16,12,207372,False,4B7lWsG8yONql6Y6IN51PP,track,1
Roller Girl,Prok & Fitch,Roller Girl EP,2019-02-22,6,366625,False,2K3JTo401HghbpIOA74J2w,track,2
Hardpop,Wade,Hardpop,2018-06-01,6,371750,False,3Iu7NAgK1j0mgnAdj14HbI,track,1
Breathe,George Smeddles,Just Breathe EP,2018-03-09,0,463000,False,3s28tu32zrLqlYfF0KZTyY,track,2
Unique,George Smeddles,Baby Drums EP,2017-03-03,2,391891,False,1Gdl3RhfQBGAjbDJ7R1RJn,track,4
This Way,Kreature,Access EP,2017-04-07,0,439672,False,16KJpU9bGCoywdcMLYgVGz,track,2
The Flow,Deeper Purpose,Roll Up EP,2017-08-11,1,464000,False,6vguJhqTfMbfsS1sujMd8X,track,2
Zulu - Original Mix,"Max Chapman, George Smeddles",Zulu EP,2017-02-10,19,468480,False,2zVQYmV4ionBTvWTpmYaZr,track,1
Charlie My Man - George Smeddles Remix,"Roger That (UK), George Smeddles",Charlie My Man EP,2018-08-13,0,375868,False,4YRFWhWvECjiUiUlHBUY43,track,1
Funky Track - Original Mix,George Smeddles,How I Feel,2018-07-27,6,373770,False,5XlobGkOQizzCZRbQUe7x9,track,2
Black Sheep - Alli Borem Remix,Samuel Dan,1000 Late Sheep,2012-04-30,0,512102,False,6glE2eDtGcdxe7URJEuKNW,track,3
Tunnel Vision - Bruno Furlan Remix,"Mr.Diamond, Bruno Furlan",Tunnel Vision,2022-10-07,0,175564,False,1eXiYFHsFL5qvhaU3qoMcT,track,2
Deeper Love,Niko The Kid,Deeper Love,2024-01-19,18,169523,False,4GHn5psPeMauQ7DFqZQFRJ,track,1
Dress Code,Javi Lopez,Dress Code EP,2020-06-05,2,493940,False,13mtFybsxTfUdj82zPKFUA,track,2
Mohican Recall - Original Mix,Mirko Di Florio,Coco Club EP,2017-04-28,0,415149,False,5j0B56yZZchFs5woeGpQ3z,track,2
Bandits,Rafa Barrios,Bandits EP,2022-01-14,28,190080,False,6jAu2n5DPQmsljstNDOV4U,track,1
The Passion - Calvin Clarke Remix,"Omari, Calvin Clarke",The Passion,2024-08-16,6,201984,False,3Pz8dmwmNsyKy0KuSMeg3W,track,3
Some Lessons,Sergio Saffe,elrow music 2055,2024-11-22,4,168896,False,0nJdva8orEHBXJp2TRF9No,track,4
Action,Bruno Furlan,Action Juice,2017-06-09,2,344620,False,79HCv9HlK1TJFfWOvfuw2c,track,1
Marshmallows,"Bruno Furlan, Kyle Watson",Marshmallows,2016-02-26,15,343927,False,3zUnsrmSW2QfAVLCCPfGeC,track,1
Back To The Disco,Dexxx Gum,Back To The Disco,2018-10-01,0,353057,False,5SdyhTRtpe7g1rGS7tKxLu,track,1
Roll Up - Dale Howard Remix,"Deeper Purpose, Dale Howard",Roll Up EP,2017-08-11,1,360000,False,6HKQsSS3SbAebz5eMgghqD,track,4
Cisco's Cut - Max Chapman Remix,"Montel, Max Chapman",Anytime EP,2016-06-03,0,407091,False,0YTe3D6MCRtwds5Z1uhK7Y,track,3
Sometimes,"MOGUAI, Raumakustik",Sometimes,2018-07-06,22,206829,False,20ja9QegWXhsOPNtjuFeDN,track,1
Mother Bassline - Original Mix,Raumakustik,Mother Bassline,2019-02-01,1,366500,False,2kRZIFWQ1gJLBJ23bNkZT0,track,2
Time Finder - Original Mix,Raumakustik,Time Finder,2019-03-15,0,372000,False,7pX5pNyHlQ1fXvKSvtLxg1,track,4
Time Finder - Piem Remix,"Raumakustik, Piem",Time Finder,2019-03-15,0,433548,False,6uzmyvduEAeVIxEzB8QVoG,track,5
Disco Inferno,Iglesias,Disco Inferno,2018-08-31,17,374580,False,4GdJVFTjgmeVGN5AXF9oov,track,1
Rebels,Iglesias,Disco Inferno,2018-08-31,5,383000,False,4ujkdQt3KdQWTtCeKgfCvX,track,3
Soul Is Life,Iglesias,Disco Inferno,2018-08-31,10,428830,False,2ChtWUJaNbp4OVdsF5R6i6,track,4
Where We Live,"Mark Jenkyns, Andre Salmon",Where We Live EP,2018-02-23,0,451000,False,6xyyhXOpBhg46cD8bSquMo,track,1
MFB,"Mark Jenkyns, Andre Salmon",Where We Live EP,2018-02-23,0,499000,False,6DUema2kkj86abWdqVGeZ0,track,3
Safari,"Deeper Purpose, Intrusive",Safari,2018-06-15,24,386500,False,67f5NBDF3M1g64AQEheokm,track,1
Altior,Shane Kelly,"Resonance Records Sampler, Vol. 02",2019-03-15,1,405476,False,11XXPPzvDFedoK9iW6MU8T,track,1
Make You Stay,"Max Chapman, Kodewerk","Resonance Records Sampler, Vol. 02",2019-03-15,3,373809,False,6J224m5rD639EL66A519cf,track,2
Breath & Stop,"George Smeddles, Josh Watts","Resonance Records Sampler, Vol. 02",2019-03-15,3,434761,False,2fMC1awZf5jt7EBDesWYpw,track,3
Talkbox,"Ren Phillips, YINGYANG (UK)","Resonance Records Sampler, Vol. 02",2019-03-15,1,398571,False,0cVrzrIaYQSFrHsqZx851U,track,4
Thinking About You,"Nick Gialanze, Chris Gialanze","Resonance Records Sampler, Vol. 02",2019-03-15,0,431904,False,2YlcacX5k7IJ25ddVekgeA,track,5
Keep Talking,SOSA,"Resonance Records Sampler, Vol. 02",2019-03-15,10,420476,False,0ikDSADr8d4NfiEvaILDss,track,8
Rizla,Matteo Floris,Resonance Records Sampler,2018-02-02,0,435802,False,2K1PYqyAZXt7paoIcLi4bv,track,1
Zanzibar,Hart & Neenan,Resonance Records Sampler,2018-02-02,0,394032,False,2heuG6pHeLEuF2vWIRWDie,track,3
Broxi,Andrea Giudice,Resonance Records Sampler,2018-02-02,0,377205,False,0RdmLsNYN3ajcUyFiyEDMX,track,5
Free Your Mind,Secondcity,Soulstice EP,2019-09-13,0,428000,False,25Mbm21ZlW5BACt22fTSGK,track,2
Walk Down,"Mason Collective, Renko",Opera Says EP,2019-08-09,2,391475,False,2m7o8oJrdfTQtMguSZIIi2,track,3
Proud To The People,Iglesias,Dedication EP,2019-07-19,2,383723,False,10QBge7VvLwanDoxMjObIC,track,3
You Damn Sexy,Iglesias,Dedication EP,2019-07-19,3,366624,False,59cdNqTAdrrh2OhBRmJk4C,track,2
Trust Me - Late Replies Remix,"Max Chapman, Late Replies",Moving EP,2019-06-14,1,377952,False,6vHDPFFD587IAjFpf0tf9K,track,3
Funkbuster,Dale Howard,Voices,2019-05-24,1,382863,False,208VQZwFIFbD2ionINVY0G,track,2
Voices,Dale Howard,Voices,2019-05-24,3,350476,False,0qaDaQx2WlivvYHRjSXRyN,track,1
Don't Wait - Max Chapman & George Smeddles Remix,"Proudly People, Max Chapman, George Smeddles",Like That EP,2019-03-29,2,374760,False,1OZcU0M7NG71OwFIVhVP6k,track,2
What You Want,"Max Chapman, Kodewerk",What You Want,2021-08-27,15,403809,False,5vwjuHQmI0vBbGANfUldBm,track,1
Under The Clouds,WARED,Summer Sampler,2017-09-01,0,466435,False,2yNo1Rsle07xJxjbmde1cK,track,9
Romantic Gipsy,Mattia Scolaro,Summer Sampler,2017-09-01,0,387096,False,13IP0bcnutc2XoW9FjhZRJ,track,10
Together,"Max Chapman, George Smeddles",Together,2021-05-21,11,370393,False,3GfUkBtXyQta3pGfSUqrHy,track,1
Quarantine,Late Replies,Quarantine,2020-05-22,8,364724,False,3RzyyDc8PiBcNmqf8nDpff,track,1
Kray,Kodewerk,Kray EP,2020-05-08,1,364000,False,0vHjUSfayKLy0u7dp1bWzD,track,1
From The Start,Glen Coombs,Summer Sampler,2017-09-01,0,394146,False,0FhjhaTpIdpbY4wOcASHfk,track,4
Outside The Box,Atove,Summer Sampler,2017-09-01,0,410322,False,7xAm5JpQQKkfUACTETQEj8,track,1
Ring My Cowbell,Andre Salmon,Koller EP,2017-07-21,0,469000,False,12aTecGV5isdxIVbwZirX8,track,4
My Tomorrow,Andre Salmon,Koller EP,2017-07-21,0,456000,False,4G36KnYO3NEtxgmPcs74E5,track,2
Psychoactive - Ollie James (UK) Remix,"One Over, Ollie James (UK)",Psycho EP,2017-06-23,0,348387,False,6juFPuV1eYCxgy8uC6Ityn,track,4
Acidmath,One Over,Psycho EP,2017-06-23,0,437419,False,6nvokijOOHLDodpEu1GRun,track,3
Psychotropic,One Over,Psycho EP,2017-06-23,0,379354,False,2pxALmysU7OIom1qiFld7E,track,2
Ellia,Ronnie Spiteri,Drums With Wings EP,2017-04-28,1,400327,False,6zXwmknCs9AOGdNPnPQRLB,track,5
Drums With Wings,Ronnie Spiteri,Drums With Wings EP,2017-04-28,3,370570,False,7xpJRHOs7Z4E4npdJvBWDC,track,1
Birds With No Beaks,Ronnie Spiteri,Drums With Wings EP,2017-04-28,1,432786,False,23eVK3YeOAZ93IwRYeeaPH,track,4
Tip This - Original Mix,Truth Be Told,ADE Sampler,2016-10-14,0,357082,False,0OinidXdfV4WPDWYrVceXk,track,1
De La Casa,George Smeddles,5 Years Of Resonance,2017-01-30,0,464640,False,5MKizbTvczg9dGvkddGard,track,10
Heaven - Mark Jenkyns Remix,"Him_Self_Her, Mark Jenkyns",Heaven EP,2014-05-26,1,371880,False,5DtDer3t73VwfqZgw4azyw,track,3
Now Or Never,Alexis Raphael,5 Years Of Resonance,2017-01-30,0,419018,False,6kEBvzdanndXlEySiWxiBe,track,7
Get It Right,Late Replies,Get It Right,2019-10-11,4,393070,False,5T33RtECppT33zt5QKXxlv,track,1
Ily,Late Replies,Get It Right,2019-10-11,3,371612,False,0FznGJFDSf1rqr6o2PPEj5,track,2
On It,Marco Strous,On It: Off It EP,2018-07-02,9,433556,False,2NcwHAx19Yna9R0ummC4w5,track,1
Old School,Tim Taylor (UK),Old School EP,2019-11-08,14,311390,False,4AdkJxBAP0AK4sc2Xezjnv,track,1
Rising,Tim Taylor (UK),Old School EP,2019-11-08,0,342585,False,01MvaaANlkwsVQpoUiUrzZ,track,3
Kick Ass Beatz,"Jay de Lys, Tomi&Kesh",Kick Ass Beatz,2020-10-02,15,416679,False,48kIChFe1rqP4r0CjbMnkI,track,1
Plug & Play (Hugo Remix),Dennis Cruz,"Plug & Play, Pt.1 (The Remixes)",2016-04-25,4,511471,False,3YI7o7C6tvZqJOet47M7Cm,track,1
Love Me,Di Chiara Brothers,Love Me,2018-02-23,15,392682,False,51BZIsbKjCE1kUOgCdxSpP,track,1
Freakky Girl,"yankk, Shimer, David Lowe",Carnival 2022,2022-02-18,2,420029,False,1Cmz9mWMEOwlaOY78Dzp6M,track,7
The Party Groove,Newball,Carnival 2022,2022-02-18,2,365726,False,1lYenCGvaET3yI9P8mRbBI,track,6
Bad Speech,Blackchild (ITA),Carnival 2019,2019-03-18,19,453562,False,7kIYAC9ifXicJEXglAvH2U,track,1
PARTYNSNTP,"Andruss, M4rlon",Pretty Boyz,2020-12-18,2,293760,False,2hlFBRZDypQfKpy8tAIry1,track,3
Wassap Mama,George Privatti,Summer 2020,2020-06-19,2,372960,False,0tOjatykjnmFdHJjPQ7yOw,track,1
Vice,"Daniel Orpi, Davide Mentesana",Carnival 2021,2021-02-05,0,325039,False,4zkSNcklZJ0XRTOAURCuNn,track,7
Wicked Swing,Albert Garcia,Halloween 2020,2020-10-23,1,413333,False,68jlOPAC3qmA9UWV4wyWK6,track,9
Get Back to the Funk,Bassel Darwish,Summer 2020,2020-06-19,5,424984,False,20dMH5NCU5iLJ120UFNq0I,track,4
DGAF,ADYN,DGAF,2019-12-27,2,365806,False,2jEeUXhwY8QP2ONi7wbxbK,track,1
Throw Ya Hands,Secnd,Stop the Ridm,2019-11-15,0,422851,False,7wpCput86X4pO0i0pxod2w,track,2
D Funk,Fernando Mesa,D Funk,2019-02-18,0,373548,False,6RJslXZkvka2EAM6M0sRwk,track,1
Stop It,Di Chiara Brothers,Rock It,2018-07-16,0,350495,False,7m1W4tdvlfIsdWFdo4uNKG,track,2
Rock It,Di Chiara Brothers,Rock It,2018-07-16,0,428019,False,1b16pElv0rXqTOk6fJEkgI,track,1
Nerves,Dual Personality,Miami Compilation 2018,2018-04-09,0,334120,False,5R83x7bVfvxiA7iszqvNne,track,8
Dreaming,Thomas Newson,Play EP,2025-05-09,20,152307,False,3p3LYBdmhiXoubBU5gMUJU,track,2
Boys Rules,"Angel Heredia, Mendo",Boys Rules,2022-07-08,8,360000,False,0A75ydZoTZHRaWXeErhq5x,track,1
Little Havana,Jesse Vegas,Little Havana,2022-06-10,0,196970,False,4iyGMOU7sStBEosqp5IjYN,track,1
